{
  "elbow_k": 6,
  "silhouette_k": 15,
  "combined_k": 15,
  "silhouette_scores": {
    "2": 0.1355481535254702,
    "3": 0.1545880876954365,
    "4": 0.15963140868812883,
    "5": 0.1458043284618537,
    "6": 0.15080804666693132,
    "7": 0.15026386508904757,
    "8": 0.15498125693770534,
    "9": 0.15527975602977395,
    "10": 0.1668890921531966,
    "11": 0.1675857536094733,
    "12": 0.16841329682887313,
    "13": 0.1643765673979585,
    "14": 0.17240277416848143,
    "15": 0.1741194327641381
  },
  "wcss_scores": {
    "2": 80969.0826810368,
    "3": 71226.06233388965,
    "4": 63584.136046714324,
    "5": 58693.9447886191,
    "6": 55014.166311183726,
    "7": 52249.61452706236,
    "8": 49617.18564088657,
    "9": 47839.00456093269,
    "10": 45682.465881402415,
    "11": 44277.41474929379,
    "12": 42640.45725555132,
    "13": 41272.70728910965,
    "14": 40199.88776073782,
    "15": 39293.0463994068
  },
  "optimal_k": 6,
  "optimal_silhouette_score": 0.15080804666693132
}